corridor,corridor_type,modeled_delay_veh_hours,directed_segments,network_length_km,maximum_v_c,modeled_delay_share_pct
A.J.C. Brouwersweg,Named corridor,1771.9788565986041,35,5.536399987230914,4.061618072544433,45.85069699992868
G. A. Arnell Boulevard,Named corridor,422.57126115660566,6,1.8159099309322475,2.6144640687356326,10.93420882761594
Indigo Bay Roundabout,Named corridor,368.0689181550793,8,0.11357917952471493,4.408484712339223,9.523937815948194
A.T. Illidge Road,Named corridor,275.13917605482925,112,7.558682263449589,2.307542889503494,7.11934171625259
Zagersgut Road,Named corridor,134.03845765360424,16,1.2179296125773194,2.090111645943174,3.4683013769194995
Union Road,Named corridor,120.9447713970129,95,4.051416683261648,1.883880488811913,3.129496746758444
Osborne Kruythoff Roundabout,Named corridor,114.84659927567675,7,0.11635152278838899,3.866450118397655,2.9717039823879303
Sucker Garden Road,Named corridor,114.46010376311821,46,5.551453595273078,1.9238757577254872,2.9617032487041377
Welfare Road,Named corridor,89.35684943101252,25,2.723165972695089,2.1265311580968738,2.3121460015579016
Arlet Peters Road,Named corridor,86.16823238563201,4,1.0532089880278175,2.006298027891955,2.229639196551668
L.B. Scott Road,Named corridor,60.35103291580604,76,5.2202300749021555,1.6689817237123878,1.561608319168657
Bush Road,Named corridor,35.94918838208902,20,2.1020039446538537,1.8976640022273175,0.9302003450901776
Soualiga Road,Named corridor,20.455825655818305,18,2.222629569087319,1.604167370190695,0.5293030786093361
Coralita Road,Named corridor,18.262882457273356,4,1.4302743068343968,1.3426713679333073,0.4725597524911309
Sarsapilla Road,Named corridor,17.63850957880496,3,0.5339341068027239,2.0612683808387886,0.4564038420754839
Walter A. Nisbeth Road,Named corridor,17.60623459242684,34,3.452076791374803,1.323268685916318,0.45556871325010917
Little Bay Roundabout,Named corridor,17.201089410737534,6,0.1065569923084492,2.6386695149816846,0.4450854115462303
Unresolved multi-name edge,Residual road group,16.598546984395753,76,22.426974746158816,1.642474302370208,0.4294943732463546
Unnamed / Residential,Residual road group,16.291745947864896,840,89.36618778652218,1.4144618369796118,0.4215557675949064
Mary's Fancy Roundabout,Named corridor,15.702905740052728,6,0.08828910242580665,2.426469001902652,0.40631927995328976
Crocus Road,Named corridor,14.288894417377326,4,0.5732767177574277,1.6964100313374624,0.3697311432105585
Hulda B. Richardson Road,Named corridor,13.980206662100427,12,0.6375687224181087,1.8618459995685945,0.3617437179192897
Salt Pickers Roundabout,Named corridor,13.031357531080994,8,0.11353768788494167,2.7293021342661152,0.3371918482155347
Middle Region Road,Named corridor,12.491069223752945,72,3.8154737035266653,1.399851637961202,0.3232116613867512
Little Bay Road,Named corridor,9.521112564146646,10,1.8414724795464688,1.0920923686969146,0.2463627856818107
Church Hill Roundabout,Named corridor,8.754650661084831,6,0.12221774601821289,2.0446607404113406,0.2265302620891002
Octavius L. Richardson Road,Named corridor,8.094353737942948,10,0.5072597391928023,2.281076763411934,0.20944480193238132
Panther Road,Named corridor,6.556397039390095,2,0.21501277503860103,1.6116245640472058,0.16964952654195317
Arch Road,Named corridor,4.318421434026641,42,3.0971541613220017,1.1432244107328744,0.11174096798741058
Lion Road,Named corridor,3.263346991423045,12,0.9505323289916408,1.2896290019376253,0.08444047374051762
Ginger Road,Named corridor,3.0796039758228075,4,1.0839284848565305,1.106186575731794,0.07968604605490102
Guana Bay Road,Named corridor,2.7368930668658,24,4.8687927829676,0.9386478587633337,0.07081825737523204
Oyster Pond Road,Named corridor,2.5129835055698453,32,5.8287675909462235,0.9393287909854158,0.06502450345309178
Welgelegenweg,Named corridor,2.1924755510978304,30,1.8574729014238778,1.3047450473844395,0.05673122554413749
Cay Bay Road,Named corridor,2.0675798921971023,36,2.0618284438380177,1.2676579603928795,0.053499497924172475
Dominica Drive,Named corridor,2.0584843963263455,2,0.24275893342583407,1.4144618369796118,0.05326414814915615
Voorstraat,Named corridor,1.8749387251387466,14,1.322719090176154,1.3749853279038682,0.048514826833084994
Wellington Road,Named corridor,1.7641180928852045,22,1.2596782297986877,1.2375766182450982,0.04564729643796996
Bishop Hill Road,Named corridor,1.4232088811137258,18,1.8351855578513503,0.8727988488436776,0.03682612742954122
Unnamed / Living Street,Residual road group,1.270262948847345,10,0.8486416047559603,1.1309400208916416,0.032868587207431244
Billy Folly Road,Named corridor,1.2245544940607986,28,3.074137242864719,1.09000613576884,0.03168586174603618
Wrigley Street,Named corridor,1.0304310069105451,2,0.07505487111906739,1.218950007712023,0.026662835000118273
Cashew Tree Road,Named corridor,1.0198601054392415,2,0.35910913893624047,1.1355540557887418,0.02638930848563874
Locas Tree Drive,Named corridor,0.9533141006330377,4,0.4247986496470647,1.1355540557887418,0.024667402667427153
Waterfront Road,Named corridor,0.9359030170890098,13,0.8142452555697192,1.0883806688566944,0.024216883569501763
Dominica Road,Named corridor,0.9164499622600224,8,0.48609206325696447,1.4144618369796118,0.023713527607117982
Hummingbird Road,Named corridor,0.910034820841836,4,1.2481032391783757,0.9637040206321773,0.023547533129090425
Airport Road,Named corridor,0.8114616345672487,28,8.041093081893766,0.6981565223288216,0.020996910541601257
Windsor Road,Named corridor,0.7300776164097399,8,0.9427184228426971,1.0278562066357027,0.018891064897178927
Gladiola Road,Named corridor,0.6220791757364305,24,3.1677292305867795,0.9040286036558863,0.016096559894290853
Grounddove Road,Named corridor,0.5986923016465071,6,0.731017003906678,0.9637040206321773,0.015491414706649678
The Corner Road,Named corridor,0.5630511656047972,8,0.737996761918552,0.7661159493209265,0.014569185345223468
Indigo Bay Drive,Named corridor,0.4697278984857596,8,1.146520804096922,0.7666347353034518,0.012154406620418579
Juancho Yrausquin Boulevard,Named corridor,0.37951334113909646,4,1.9924527507682888,0.5511360120455553,0.00982006706637641
Carnation Road,Named corridor,0.376530933409831,8,0.5685676580498848,1.0433647665604562,0.009742896014015614
Lily Road,Named corridor,0.3608222914404383,2,0.4480286475341029,0.824140351052859,0.009336428306719406
Trivia Road,Named corridor,0.35078705726045967,4,0.36999003532196784,0.9445712111851321,0.009076762408339132
Emmancipation Roundabout,Named corridor,0.3400649920621602,6,0.10996028427520553,1.0912993668165814,0.008799324468947245
Manzanilla Steeg,Named corridor,0.27457627287804237,2,0.15132990924531714,0.9043226236988428,0.007104776360180173
Achter Straat,Named corridor,0.24739196506711703,10,0.9046862935453839,0.6818366729448267,0.006401370980398107
Tamarinda Steeg,Named corridor,0.23522475504672488,4,0.24398692785758908,0.9004355470696574,0.006086539311892556
Well Road,Named corridor,0.20419911802171925,28,1.3209636693316205,0.8373814472201471,0.0052837379256537005
Belvederd Estate Road,Named corridor,0.15805204529088712,6,0.8007757018218215,0.7873514546872687,0.004089663040766769
Simpson Bay Causeway,Named corridor,0.14898190991493812,4,0.24630557659630628,0.7406614636461383,0.0038549694792029154
Prakitzijn Steeg,Named corridor,0.14709101889995718,1,0.08339554359725741,0.8992167986610686,0.003806041880171513
Flamboyant Road,Named corridor,0.14077229771216063,8,1.1197938001893235,0.7085737554952338,0.00364254231609386
Zebra Drive,Named corridor,0.12727745490593584,4,0.6980976628066754,0.6883734485768451,0.003293357591758269
Saint Peters Road,Named corridor,0.09769282501768917,20,2.379117136365383,0.5894485102490907,0.002527842870287579
Mildrum Road,Named corridor,0.08705752133861021,30,5.800313447058977,0.5912407951751426,0.0022526499216382278
Kerkhof Straat,Named corridor,0.08483998038551868,2,0.1801808723224983,0.6355978989290334,0.0021952701182920953
W. G. Buncamper Road,Named corridor,0.08255737266250188,8,0.7123806614488953,0.5914955594341421,0.002136206684951452
Arbutus Road,Named corridor,0.0810790681967421,10,0.9290760478213658,0.7304740285287945,0.002097954936133578
Oleander Road,Named corridor,0.07047451371603868,4,0.4825841013396346,0.6773512918640501,0.0018235576359043291
Percy Labega Street,Named corridor,0.06853076110845725,4,0.15308027300113963,0.6436547165369567,0.0017732622209668668
Cinnamon Cactus Road,Named corridor,0.06710262437531019,4,0.6155524544471366,0.564096756237133,0.00173630858329667
Melford Hazel Road,Named corridor,0.06691525980301788,16,4.962204090703481,0.41083907297065947,0.0017314604463108901
D.A. Peterson Street,Named corridor,0.04861233470902089,6,0.24681724407281525,0.8327631418786925,0.0012578645737799199
Guadeloupe Road,Named corridor,0.048204013473722496,2,0.3946379749183215,0.552603480796498,0.0012472990903552245
Fort Willem Road,Named corridor,0.04679239467237775,10,1.2748375216644416,0.48647065135632905,0.0012107728611065864
Achterstraat,Named corridor,0.044891371318786615,2,0.42249282445792813,0.578958555575371,0.0011615830835588962
Sr. Modesta Road,Named corridor,0.042170907806041345,9,0.9360503258934966,0.5096332570186212,0.001091189947795595
Belvedere Roundabout,Named corridor,0.039728837743967634,4,0.15890919023484554,0.7790251031274779,0.001028000359470782
Guiro Road,Named corridor,0.03831602035021657,8,1.5032766289877224,0.5717794584565487,0.0009914431161403199
Grenada Road,Named corridor,0.03829589668115893,4,0.8522655851657601,0.552603480796498,0.000990922407753167
Longwall Road,Named corridor,0.028902272974860335,2,0.2709972908766787,0.4694336280755131,0.0007478584498030135
The Keys Road,Named corridor,0.028751792066533513,14,1.3796952157885354,0.5519495142564442,0.000743964693110447
Pigeon Road,Named corridor,0.022121123815045194,18,1.3308021533254017,0.5622021731925465,0.0005723933677676493
Lane 4,Named corridor,0.021066465693418527,6,0.6645859466901279,0.4916175571025975,0.000545103646000855
Hybiscus Road,Named corridor,0.019572572010877764,4,0.49926060774100717,0.6773512918640501,0.0005064485196525838
Begroeide Steeg,Named corridor,0.01886229502333952,1,0.08182865297825298,0.5985681102087888,0.000488069804342091
St John's Estate Road,Named corridor,0.0133604591939818,22,1.170381437941434,0.4283459323751058,0.00034570749193873503
Limpet Road,Named corridor,0.012022472040387791,10,3.0251788445227703,0.4644844323435003,0.0003110865124948857
Nazareth Road,Named corridor,0.011440225253836611,16,1.6785686991545534,0.4076594524723158,0.0002960206323970919
Betty's Estate Road,Named corridor,0.011377169359354785,10,0.6773266088102146,0.42161357407089106,0.00029438903464908296
Indigo Bay Blvde,Named corridor,0.01079703854482367,2,0.33793001615928325,0.4643471096124505,0.0002793779062158427
Lower Prince Roundabout,Named corridor,0.009926638667966059,5,0.12699547899714167,0.506853242097085,0.00025685594390576204
Kruyhoff Steeg,Named corridor,0.009738389587781397,1,0.07542707912720042,0.5330497204712289,0.00025198491990684673
Impalla Road,Named corridor,0.009503334603087284,2,0.4723895088342447,0.3934677436092935,0.00024590277347411765
Border Roundabout,Named corridor,0.009498004466673558,6,0.12960432260692897,0.39311290416528744,0.0002457648539561934
Amazone Road,Named corridor,0.008654852352391154,21,4.193923399303957,0.3573704966588213,0.00022394793894456636
Rhine Road,Named corridor,0.007781742498805208,20,5.062656498501712,0.49040848458278413,0.00020135585484867266
Monte Vista Road,Named corridor,0.007765978835753436,12,1.1251894689466464,0.3769643401911185,0.00020094796344776554
Port de Plaisance Drive,Named corridor,0.006795839276973316,15,1.304085284026423,0.35874123822092635,0.0001758451949854735
Apricot Road,Named corridor,0.0066740720410306585,16,0.8289347631196969,0.44072073159851377,0.000172694416623229
H. Tion Sie Fat Street,Named corridor,0.006516762135602232,6,0.7430447632159908,0.45946870619201585,0.00016862395676304112
Gevangenisstraat,Named corridor,0.006326775318257811,1,0.06611791013392018,0.4370613558625172,0.00016370796808541036
King Bird Drive,Named corridor,0.005952826893046979,4,1.5324694403550065,0.3107902974499538,0.00015403189555548497
Goldfinch Road,Named corridor,0.00577586614095235,12,1.5496536117124227,0.37480144879503097,0.00014945296178606906
Hendrikstraat,Named corridor,0.005745424039414072,1,0.08016096260662352,0.4738573067831646,0.00014866525962558622
Paris Drive,Named corridor,0.005519088423425098,6,0.26135169875982184,0.447240001625449,0.00014280873051952057
Pomserette Road,Named corridor,0.005464249096121853,5,0.8981741677272957,0.36052414619855794,0.00014138973989754014
C.A. Cannegieter Street,Named corridor,0.005307783583849068,25,2.2083842193758167,0.4808436582132038,0.00013734112906483022
Dahlia Road,Named corridor,0.005286784571269287,2,0.4587592448325792,0.3787008157320385,0.00013679777079646948
White Sands Road,Named corridor,0.005258628229195834,10,1.2556236262406029,0.32647836370783323,0.00013606921362197005
Union Farm Road,Named corridor,0.005256721550576791,2,0.3107749726072808,0.37550259314414175,0.00013601987751205407
Zircon Road,Named corridor,0.005210170680331861,10,1.8417790477892428,0.3406220007454106,0.00013481535419692807
Ocean Drive,Named corridor,0.00490535161442622,2,1.108830803895793,0.312705741863669,0.00012692803286767205
Airport Roundabout,Named corridor,0.004689492022981154,4,0.11828632325027462,0.3490782611644108,0.00012134257529574907
Back Street,Named corridor,0.004098636376181304,1,0.015647530902997284,0.6157545064960185,0.0001060539373240074
Ebenezer Road,Named corridor,0.003916453251465866,38,2.2108503140341744,0.3431227420338418,0.0001013398724700609
Simpson Bay Road,Named corridor,0.003594098208140862,18,2.1470905670217544,0.38413772631076476,9.299880036141007e-05
Simpson Bay Roundabout,Named corridor,0.00342877828353347,6,0.1251214158886001,0.379724202931532,8.872107789141694e-05
Sr. Patientia Road,Named corridor,0.003406380707309896,14,1.7594300150421471,0.39839055079132113,8.814153120149132e-05
Beryl Richardson Road,Named corridor,0.003278941560035932,8,0.4659728093534321,0.3431227420338418,8.484398975181283e-05
Belle Tree Drive,Named corridor,0.002930288012589177,2,0.224059657436969,0.38840446322442146,7.582243280580203e-05
Golden Grove Estate Road,Named corridor,0.0025784925820613396,26,1.762360986945182,0.4787716147865064,6.671957831573561e-05
Anna's Hoop Estate Road,Named corridor,0.0025767669278637007,6,0.3016986850167201,0.44503008331299926,6.667492628873882e-05
Otter Road,Named corridor,0.002299605212263605,4,0.7480846441522876,0.29074710057945835,5.950325051245212e-05
Cannegieter Drive,Named corridor,0.0021716282867989423,2,0.7503593562747812,0.28726196123326636,5.619179382626667e-05
Queen of Flowers Road,Named corridor,0.002017226072500247,4,0.743471332413309,0.2835730979806018,5.2196571695051826e-05
Unnamed / Tertiary Link,Residual road group,0.0019372246382825017,1,0.09269379427346912,0.35127203301572724,5.012650099064246e-05
Ruby Drive,Named corridor,0.001844603888103594,6,0.5769809027563781,0.38124533648465075,4.772990018666279e-05
Marianne Estate Drive,Named corridor,0.001817350880002574,8,0.4060344042070972,0.41371287745223045,4.702471715802605e-05
Tiger Road,Named corridor,0.0015558875826648087,4,0.3818713254421014,0.32146185875342503,4.025924454632221e-05
Rhino Drive,Named corridor,0.0015119378811228798,4,0.24766267312209067,0.3963773115617518,3.9122027563663404e-05
Maho Roundabout,Named corridor,0.0014681408144649538,6,0.0645283280760319,0.3490782611644108,3.7988760072722266e-05
Laughing Bird Road,Named corridor,0.0014434786833660872,2,0.1721007053472126,0.35306209429536545,3.7350617074471585e-05
Surf Clam Road,Named corridor,0.0013211821291311515,16,2.141476496197217,0.23451034958683475,3.418614237914423e-05
Jaguar Road,Named corridor,0.001281475612457706,4,0.33485588320240717,0.3261344605272764,3.3158719586746225e-05
Match-Me Drive,Named corridor,0.0011287365868402216,2,0.4485031705570937,0.2793446129975174,2.920653316106021e-05
King of the Sea Road,Named corridor,0.0010942066686424072,12,1.1219505450620095,0.3156916579521844,2.8313057027964932e-05
Bobcat Road,Named corridor,0.0010153070361161997,1,0.11314715897439159,0.31358814273856744,2.627149590499024e-05
Begonia Drive,Named corridor,0.0008933602227712181,6,0.42453965130318466,0.28820291332483033,2.311607090205287e-05
The Hope Estate Road,Named corridor,0.000859194738124221,8,0.47114867616727457,0.30682963264031604,2.223202464011712e-05
Oslo Road,Named corridor,0.0008581433351508958,6,1.015040783291103,0.22416394924042207,2.220481914667952e-05
Unnamed / Unclassified,Residual road group,0.0008282181080556455,29,3.472331664011107,0.2118740273346485,2.1430491329454786e-05
Wellsburg Street,Named corridor,0.0007481553381021937,2,0.3290428708005076,0.27373021739950404,1.9358833537128053e-05
Sunflower Road,Named corridor,0.0007433068093343423,12,1.5760137550934108,0.2835730979806018,1.923337581927643e-05
Kings Of The Sea Road,Named corridor,0.0006388615915289666,2,0.12932179213838557,0.3156916579521844,1.6530811950157624e-05
Indigo Bay Boulevard,Named corridor,0.0005922693461308286,10,0.3756499982423183,0.4643471096124505,1.5325218035568234e-05
Unnamed / Secondary Link,Residual road group,0.0005669592172758356,3,0.12272129528445835,0.3386700126044489,1.4670307823271994e-05
Pear Road,Named corridor,0.0005653399878891431,10,1.1917660330840962,0.2553736944826058,1.4628409582948107e-05
Leopard Road,Named corridor,0.0005467691770761598,2,0.3879973090270814,0.23473674279993237,1.4147882054948389e-05
George C. de Weever Road,Named corridor,0.000542302044348967,4,0.717674433133059,0.30586650314142827,1.4032293119803786e-05
Wilhelminastraat,Named corridor,0.0005273931389347383,1,0.07986017173484777,0.25605342954057575,1.3646518931696052e-05
Peach Road,Named corridor,0.000523110976833631,6,0.767629595004706,0.2553736944826058,1.3535716189173869e-05
Front Street,Named corridor,0.0005119771420015448,3,0.0767029406194037,0.35359803400670137,1.3247623537598355e-05
Mountaindove Road,Named corridor,0.0005103733196202359,10,2.21173490047199,0.178587123982766,1.3206123960008443e-05
Venus Drive,Named corridor,0.000500872236620325,2,0.6350329703441303,0.2214903729501187,1.2960279447712001e-05
Annas Hoop Estate Road,Named corridor,0.0004996325566461282,6,0.9826158061850844,0.24134565002089606,1.292820220781599e-05
Felix Marlin Road,Named corridor,0.0004621576109894439,4,0.48030865128826966,0.271799170768223,1.1958522252553042e-05
Cairo Drive,Named corridor,0.00043594446232957877,4,0.35635782936337784,0.32278614392535016,1.1280246023611658e-05
Sea Side Drive,Named corridor,0.00043130083984541676,4,1.4378520527001024,0.26683314559576937,1.1160090341894291e-05
John Philips Road,Named corridor,0.00042797823152873827,4,0.27052991006257826,0.2536792260503413,1.1074116456477902e-05
Waterrock Lane,Named corridor,0.00042712698888198645,2,0.5687574456818293,0.21376236280833377,1.1052090195541272e-05
Uxbridge Drive,Named corridor,0.00042512533043249836,4,0.43992601164836104,0.2545122348519911,1.1000296442628782e-05
Montevideo Road,Named corridor,0.00040306163462878114,4,0.7083113628995991,0.30586650314142827,1.0429389048769288e-05
Paradise Island Road,Named corridor,0.00038953792116145475,4,0.7891973814172586,0.21165360446626763,1.0079457283954388e-05
Bimini Road,Named corridor,0.000388607728290113,4,0.37438999899855263,0.32278614392535016,1.0055388152803887e-05
Pigeon Pea Road,Named corridor,0.00036599000944854536,6,0.8585702287378756,0.3156916579521844,9.470145180195886e-06
Emmaplein,Named corridor,0.00034689005158088744,4,0.26244523228711497,0.22285758979306514,8.975925749958201e-06
Visser Steeg,Named corridor,0.0003444734843248239,2,0.07926604787773095,0.31159365260694466,8.913396057447981e-06
Blyden's Drive,Named corridor,0.0003403327196822054,6,0.7295845692506816,0.19885996609566506,8.806252033539504e-06
Rockland Estate Road,Named corridor,0.0003379670268439887,6,0.552178843124305,0.24966791381472006,8.745038737954146e-06
Puma Road,Named corridor,0.0003323532129790062,6,0.76976898561883,0.3204060509211428,8.59977894685743e-06
Beaver Drive,Named corridor,0.0003287357610068141,2,0.6912831864667953,0.20017649237994736,8.506175858044533e-06
Orchid Road,Named corridor,0.0003216747335750431,6,0.7362031979963222,0.2682587075464079,8.323468808196446e-06
Winnipeg Street,Named corridor,0.00030569789867138103,2,0.2962554858113087,0.23372226916949534,7.910061496107037e-06
H. Beaujon Steeg,Named corridor,0.00030378568948001187,4,0.1636726161701069,0.30545068748502374,7.860582280309707e-06
Diamond Road,Named corridor,0.0002955409848120435,4,0.21959869316363137,0.28194294379467794,7.64724708492789e-06
Marina Terrace,Named corridor,0.0002821061428325961,4,0.9121056340399954,0.26683314559576937,7.299614907180577e-06
Roses Road,Named corridor,0.0002789366865400875,4,0.288863090560702,0.23451034958683475,7.217603894700845e-06
Tigiris Road,Named corridor,0.00025240125985348646,6,0.9329384910526582,0.2553736944826058,6.530988586487396e-06
Gibs Drive,Named corridor,0.00023402938336846742,8,0.5385208844553263,0.2510995002342797,6.055608567759815e-06
Defiance Road,Named corridor,0.00022546765579324835,12,0.9276681565724477,0.18828150820952982,5.834070271529326e-06
Onyx Road,Named corridor,0.00022124136022996582,2,0.5796226602689964,0.19156628470472492,5.724713099132712e-06
Thames Road,Named corridor,0.00021872086855672065,4,0.41090587404263806,0.21497064184170056,5.659494318688208e-06
Zoutsteeg,Named corridor,0.00021009784560802207,2,0.13214073967890783,0.24467217088577342,5.43636997892992e-06
Tangerine Road,Named corridor,0.00020885073294443028,8,1.0356809823149344,0.20408772972493378,5.404100415074692e-06
Tigiris Drive,Named corridor,0.00020094959125227657,2,0.12279678631391712,0.2553736944826058,5.199655055960282e-06
Gulf Scallop Drive,Named corridor,0.00018329674255101528,12,1.759881059064282,0.16024374760735458,4.7428801830699875e-06
Narrow Road,Named corridor,0.0001741412092775619,10,1.064979258892908,0.2026480654440761,4.505976915048112e-06
Saba Road,Named corridor,0.00016876089047334505,4,0.3077264839478509,0.2545122348519911,4.366758906697436e-06
Hyena Road,Named corridor,0.00015999404059762707,4,0.637230044370242,0.17497667447414444,4.1399129848070365e-06
Gullin Road,Named corridor,0.00015202668416878826,8,0.9596823989105763,0.16022866229809243,3.933754291576153e-06
Red Rose Road,Named corridor,0.00013601466878770838,4,0.6544894294635121,0.21368195349780894,3.5194366698606495e-06
Rice Hill,Named corridor,0.00011856653410895833,9,0.2708076362670382,0.2197241076022243,3.0679588582658935e-06
Wentel Drive,Named corridor,0.00010537082857337517,4,1.602317979379367,0.2299740827566656,2.726514436421215e-06
Sedums Cactus Drive,Named corridor,0.00010237128308971438,4,0.3051161775550967,0.18668845689791588,2.6488999374689905e-06
Pelican Road,Named corridor,0.00010080192901830614,8,1.715596723644703,0.16022866229809243,2.608292241871614e-06
Beacon Hill Road,Named corridor,9.647548312397548e-05,13,2.239646628142023,0.21765224247188883,2.4963436376042237e-06
Chin Cactus Road,Named corridor,8.835732343172364e-05,4,0.4842557791068391,0.18266831442003587,2.2862828466075563e-06
W.R. Plantz Road,Named corridor,7.946567770187842e-05,6,0.47134763561609405,0.2097716963708369,2.0562077795876146e-06
Queen Conch Road,Named corridor,7.926242635485782e-05,4,0.4812998794105151,0.1744485499646941,2.050948565634601e-06
Caines Drive,Named corridor,7.87207441221136e-05,20,0.869561290622366,0.1770995299756911,2.03693231040034e-06
Golden Apple Drive,Named corridor,7.843666369822164e-05,2,0.3311341321642827,0.174131730684219,2.029581610141713e-06
Wyoming Street,Named corridor,7.632899507325187e-05,2,0.19170939541162352,0.1931897644949667,1.9750447994230753e-06
Cayenne Road,Named corridor,7.155806039820546e-05,4,0.21425316045262724,0.21757809355843757,1.8515948613059196e-06
Watermelon Road,Named corridor,7.069479581230964e-05,10,0.7327471649622416,0.22587245264925088,1.829257527645711e-06
Madrid Road,Named corridor,6.695254636223617e-05,12,1.2282311994939015,0.15097026013350412,1.7324252516879527e-06
Sugarapple Road,Named corridor,6.608920527481486e-05,14,0.8737333647078411,0.20408772972493378,1.7100859385186476e-06
C. Shaw Street,Named corridor,6.107360874301494e-05,2,0.22034162086635897,0.17969098618334123,1.5803052721201296e-06
Prospect Estate Road,Named corridor,4.945533131086204e-05,4,0.8249666938792797,0.14172726014122417,1.2796774648418269e-06
Ruben Panto Straat,Named corridor,4.9296965720741904e-05,2,0.1826951412569981,0.17823803534649169,1.2755796886969403e-06
Fort Oranje Drive,Named corridor,4.640334536199792e-05,2,0.4836455862071813,0.14533803902715767,1.2007060468317829e-06
J.D. Meiners Road,Named corridor,4.289541690033144e-05,4,0.22104633145467034,0.20604400452254049,1.1099369248446065e-06
Daisy Road,Named corridor,4.285184900355401e-05,4,0.4426137019049705,0.21368195349780894,1.1088095872205558e-06
Peter John Road,Named corridor,4.171309500970605e-05,4,0.8705387965010202,0.14027278378072253,1.079343849446683e-06
Tassel Road,Named corridor,4.1263253453310796e-05,4,0.3482648465386307,0.16414484170895044,1.067704010278485e-06
Spanish Fort Road,Named corridor,4.01801455381364e-05,6,0.7601411281270282,0.14685844913656915,1.0396781381570686e-06
O'Nasha Jones Street,Named corridor,3.9147724680891755e-05,1,0.07254096662839227,0.17823803534649169,1.0129638149439821e-06
Windmill Street,Named corridor,3.458390117252234e-05,2,0.1868649567366619,0.1657464010260103,8.948729652342564e-07
Smid Steeg,Named corridor,3.085398068240782e-05,1,0.06098514151320502,0.1531747511332333,7.983597062925859e-07
Margaret Bruces's Drive,Named corridor,3.0474697236340742e-05,4,0.39077069267074194,0.13943710798287431,7.885455878577349e-07
Sea Grape Drive,Named corridor,2.9890135138679005e-05,6,1.2492019574934083,0.14027278378072253,7.734197981127151e-07
Plough Drive,Named corridor,2.7189037865868935e-05,2,0.33837726712125116,0.14027278378072253,7.035277719399658e-07
Durat Road,Named corridor,2.5250740442680355e-05,4,0.4290176392279956,0.14285974477824104,6.53373512189397e-07
Gum Tree Drive,Named corridor,2.3845140609498908e-05,2,0.10875065601875702,0.17146223645426373,6.17003026269456e-07
Charity Drive,Named corridor,1.9506657212725924e-05,2,0.6450510110817679,0.11536993343308233,5.047429465716088e-07
C. A. Levendag Street,Named corridor,1.8604987512390064e-05,6,0.21128122019477616,0.17969098618334123,4.814118644482733e-07
Silk Tree Drive,Named corridor,1.3626531975134846e-05,2,0.12443023016757532,0.1492336532560563,3.525922368797635e-07
Emma Plein,Named corridor,1.2510410025413118e-05,2,0.026680237228006262,0.1835607687222757,3.237121127512548e-07
Camel Road,Named corridor,1.2280581594390929e-05,8,2.8866534617901087,0.09273713215355313,3.1776520558950956e-07
Conner Road,Named corridor,1.0647482788807208e-05,6,0.3877214423740664,0.12030539577676222,2.755080882277946e-07
Green Star Shell Road,Named corridor,1.0159105797720784e-05,2,0.054413931029171664,0.14454329837632462,2.6287112850524815e-07
Zorg en Rust Road,Named corridor,9.340021689866315e-06,18,1.1521765767843184,0.10223681863068529,2.4167698326652796e-07
Sea Island Cotton Road,Named corridor,9.072062994374298e-06,6,0.40381126254977795,0.13153324192791185,2.3474343950004966e-07
Frangipani Road,Named corridor,8.736285640457206e-06,2,0.5055224722986503,0.10315544465457605,2.2605505946856158e-07
Poinsetta Road,Named corridor,8.024981107833635e-06,2,0.4643630550465309,0.10315544465457605,2.0764975599750157e-07
Orange Grove Road,Named corridor,6.162865091301992e-06,12,1.4918949912988666,0.060547877131061044,1.594667221341088e-07
Villa Road,Named corridor,6.0050989771129776e-06,6,0.42699638256003947,0.11481043819255175,1.5538445768067052e-07
Tropical Road,Named corridor,5.843587068096388e-06,2,0.6142149301755528,0.09154754737513023,1.512052692131429e-07
Emerald Merit Road,Named corridor,5.051031094223452e-06,6,0.944160187850964,0.08751346668723146,1.306975505808302e-07
Chameleon Drive,Named corridor,4.365857908598569e-06,2,0.6303299214314773,0.08591623127451371,1.1296840668637862e-07
Quilletor Drive,Named corridor,4.056504037852396e-06,4,0.7381185467720278,0.09135843865387061,1.0496374537762864e-07
Port de Plaisance Roundabout,Named corridor,3.969927270585253e-06,5,0.18324042980655791,0.1044570745627743,1.0272353516946682e-07
Ols Man Cactus Road,Named corridor,3.8894033686109495e-06,2,0.17645463925546379,0.10829910427062145,1.0063994539246301e-07
Old Man Cactus Road,Named corridor,2.8172829995872454e-06,6,0.24067942358465558,0.10829910427062145,7.289838064156207e-08
Country Club Drive,Named corridor,2.139186662340046e-06,4,0.4445933915232312,0.14627412708702245,5.535235317057759e-08
Jose Lake Sr Road,Named corridor,1.9006648870072155e-06,2,0.288302598848507,0.08507192939418054,4.918050207430459e-08
Ellis Road,Named corridor,1.4482364625076144e-06,6,0.35031541466263694,0.06910524576415224,3.747372660763468e-08
Lionel Alexander Richardson Road,Named corridor,1.3380200159357883e-06,10,0.5648590248381838,0.08507192939418054,3.462182977074236e-08
Aaron Jacbo's Drive,Named corridor,1.2672273928903572e-06,12,0.9916539820223895,0.12433854753537095,3.279004092236024e-08
Amaranthus Road,Named corridor,8.219610527696428e-07,2,0.6872345518254541,0.06046779532157043,2.126858739648066e-08
Milton Peters Road,Named corridor,7.110154150106318e-07,4,0.4197879371443121,0.08507192939418054,1.8397822431419582e-08
Johannes C. Paap Road,Named corridor,6.663142876445487e-07,4,0.3892899605055373,0.08507192939418054,1.7241161990023706e-08
Sr. Regina Road,Named corridor,6.093329259573109e-07,4,0.28086627089459604,0.08023941411360605,1.5766745328879136e-08
Passion Flower Road,Named corridor,5.005977438702258e-07,4,0.6369599039374007,0.05859444648830133,1.2953176832538796e-08
Gardenia Road,Named corridor,4.0161412185776594e-07,2,0.39300774890268725,0.05859444648830133,1.039193404798291e-08
Fahrenheit Road,Named corridor,3.9561369835949667e-07,6,0.29721717800491615,0.07464693635371154,1.0236670570280637e-08
Mahoe Tree Drive,Named corridor,3.596402510003449e-07,6,0.655682426470271,0.05173802344677236,9.305842513972186e-09
Madame Estate Road,Named corridor,3.512210128423547e-07,6,0.769505468383323,0.06538650479267799,9.087991191246334e-09
Almond Grove Road,Named corridor,3.4771622333907465e-07,12,1.2382472056250338,0.0545469294210116,8.997303291125512e-09
Calabash Road,Named corridor,3.4044901348156007e-07,14,1.3265150382573738,0.0545469294210116,8.80926118443164e-09
Mozart Road,Named corridor,3.135453789471063e-07,4,0.5212235223395107,0.06377106059093225,8.113118343537977e-09
Pen Shell Road,Named corridor,3.1242041804680823e-07,10,3.201165870966508,0.05173802344677236,8.084009507851674e-09
Sand Piper Drive,Named corridor,3.075489546477736e-07,6,0.48609686600379926,0.08002217339502866,7.957958346787525e-09
Opal Road,Named corridor,2.96102967100833e-07,10,1.3726670852610146,0.06238491239888004,7.661788612636678e-09
Pendant Cactus Road,Named corridor,2.2482502609887e-07,14,1.1588918879641155,0.050248424512098995,5.8174419583356474e-09
St Barths Drive,Named corridor,1.79019085200206e-07,6,1.0817106881900185,0.07148818527326094,4.63219400285339e-09
Skyline Drive,Named corridor,1.572394002214929e-07,4,1.8970561722036932,0.03545448009523198,4.0686355083520744e-09
Amaryllis Road,Named corridor,1.51457718273657e-07,2,1.2217442735133128,0.03842705510997738,3.919032060120733e-09
Cornelius M. Vlaun Street,Named corridor,1.4460644539181732e-07,1,0.06883318309394554,0.05875620109408368,3.741752497331785e-09
Rice Hill Estate Road,Named corridor,7.740894749415964e-08,18,2.146162906578738,0.03461489277128686,2.002989021805294e-09
Wavy Clam Road,Named corridor,6.752109677092754e-08,10,0.6305603846732617,0.03449201563118157,1.7471367322572716e-09
Independence Drive,Named corridor,5.418197899101239e-08,4,0.4171287481662173,0.04139819481481582,1.4019814583691504e-09
L. van Beethoven Road,Named corridor,5.1749452737892396e-08,10,4.78464146033568,0.06377106059093225,1.3390388201086298e-09
Low Estate,Named corridor,4.6610892344227425e-08,10,0.8330477288129685,0.03543181503530605,1.2060764121496405e-09
Isis Road,Named corridor,3.718927263112079e-08,2,0.21165881163927192,0.04120321930581567,9.622880457673081e-10
Codville Webster Street,Named corridor,3.12353027236345e-08,2,0.0949700423002719,0.04469872343319139,8.082265742332337e-10
Sint Jan Steeg,Named corridor,4.530054895519788e-09,1,0.07453476372218648,0.028928416804186594,1.1721707267220052e-10
Groene Street,Named corridor,3.4180244592765745e-09,1,0.056238092332587204,0.028928416804186594,8.844281817304768e-11
Félix Marlin Road,Named corridor,1.0104448440341774e-09,4,0.3435155495913296,0.018119944717881534,2.614568464314697e-11
Voges Straat,Named corridor,9.732343922065776e-10,5,0.48392914474671284,0.017405331376559707,2.518284857677725e-11
Tamarindelaan,Named corridor,8.026437807619211e-10,2,0.2471604500081529,0.01854742643071063,2.076874487161475e-11
N. Debrot Street,Named corridor,5.67322396199754e-10,5,0.2905077316119058,0.015770306629004794,1.4679705230433673e-11
E. Camille Richardson Street,Named corridor,5.337715488843453e-10,2,0.3093072800580529,0.016767838242942267,1.3811562967549922e-11
Sugar Hill Drive,Named corridor,4.339200840401967e-10,2,0.7330904502486472,0.013195483927592943,1.1227864385301448e-11
Jumping Cholla Cactus Road,Named corridor,3.590238115671341e-10,2,0.6684269287947343,0.012934850913185188,9.289891884783972e-12
Eleuthera Drive,Named corridor,3.347293317161307e-10,2,0.2949887671929821,0.015029777199504546,8.661262016955048e-12
Korte Steeg,Named corridor,2.7552354919252866e-10,1,0.046639337855602196,0.018149180426303504,7.129287532595679e-12
Fort Hill Road,Named corridor,2.4977133804932823e-10,14,2.918535334030192,0.01112845585842638,6.462938255453859e-12
Schoolsteeg,Named corridor,7.880844604880506e-11,1,0.08554788836232469,0.01251550695833698,2.03920163458108e-12
Fr. Barbanson Road,Named corridor,2.122235064110465e-11,2,0.20663114500106336,0.009295963610878052,5.491372344810956e-13
Washington Street,Named corridor,2.1557813001128244e-12,2,0.18899669290429782,0.005989699539444708,5.578174639133179e-14
Johan Vermeer Street,Named corridor,8.716834677565176e-13,2,0.049904056956996595,0.005662658259593432,2.25551757635925e-14
Hodge Lane,Named corridor,3.920062087582312e-13,6,0.8450136859446277,0.003407893954356176,1.0143325261998842e-14
Cougar Road,Named corridor,2.2136034339672782e-13,4,0.38803427992575634,0.0032901885606345547,5.727791838535826e-15
Mountain Ebony Road,Named corridor,1.1262261083277471e-13,4,1.174871277945756,0.002566145177650988,2.914157347535535e-15
Welgelegen Drive,Named corridor,4.746017272383947e-14,4,0.5517578795331185,0.0032901885606345547,1.2280518986000397e-15
W.B. Petersen Road,Named corridor,3.5900227165427988e-16,8,0.47011724175534914,0.0008758410058761519,9.289334530493877e-18
St Johns Drive,Named corridor,0.0,2,0.07086749289578367,0.0,0.0
Peterson's Drive,Named corridor,0.0,2,0.13081942799279847,0.0,0.0
St Lucia Drive,Named corridor,0.0,2,0.2015400790625472,0.0,0.0
Peridot Road,Named corridor,0.0,4,0.5222931909853608,0.0,0.0
Philipine Drive,Named corridor,0.0,2,0.2349470216118194,0.0,0.0
Otter Drive,Named corridor,0.0,6,0.5488285920377881,0.0,0.0
Staghorn Coral Road,Named corridor,0.0,4,0.2324455551052784,0.0,0.0
Stiltwalker Drive,Named corridor,0.0,4,0.3844340418621365,0.0,0.0
Stockholm Drive,Named corridor,0.0,2,0.18728605449553334,0.0,0.0
Stone Oven Drive,Named corridor,0.0,2,0.31892040531666244,0.0,0.0
Pearl Drive,Named corridor,0.0,4,0.16914473587306453,0.0,0.0
Pomp Steeg,Named corridor,0.0,2,0.07751068986519649,0.0,0.0
Strawberry Road,Named corridor,0.0,4,0.575798753893433,0.0,0.0
Plantin Road,Named corridor,0.0,2,0.33811272973906104,0.0,0.0
Pinel Key Drive,Named corridor,0.0,2,0.5215257746547702,0.0,0.0
Pineapple Road,Named corridor,0.0,1,0.1853454172894893,0.0,0.0
Pigeon Drive,Named corridor,0.0,2,0.1386853264193266,0.0,0.0
Pieter Hassel Road,Named corridor,0.0,4,0.5335480129354329,0.0,0.0
Panama Road,Named corridor,0.0,4,0.3223623821367831,0.0,0.0
Rubber Tree Drive,Named corridor,0.0,2,0.7816706604786211,0.0,0.0
Royal Palm Drive,Named corridor,0.0,2,0.23932761514436976,0.0,0.0
Retreat Estate Road,Named corridor,0.0,2,0.3497045111236597,0.0,0.0
Reward Road,Named corridor,0.0,12,3.4267650014557067,0.0,0.0
Romeo's Drive,Named corridor,0.0,2,0.4102633089489069,0.0,0.0
Robert's Drive,Named corridor,0.0,2,0.1821028580895832,0.0,0.0
Road Town Drive,Named corridor,0.0,2,0.2775188425748554,0.0,0.0
Rink Steeg,Named corridor,0.0,2,0.1122896962887871,0.0,0.0
Rhine Drive,Named corridor,0.0,2,1.658028405397201,0.0,0.0
Richmond Drive,Named corridor,0.0,2,0.4813445139901393,0.0,0.0
Scallop Shell Road,Named corridor,0.0,10,0.4751863343836577,0.0,0.0
Sapphire Road,Named corridor,0.0,2,0.2516331099496228,0.0,0.0
Sandbox Tree Drive,Named corridor,0.0,2,0.667454155146798,0.0,0.0
Sparrell Drive,Named corridor,0.0,2,0.14617958784344817,0.0,0.0
Sage Drive,Named corridor,0.0,2,0.17224163457762595,0.0,0.0
Richardson Drive,Named corridor,0.0,8,0.6244566961890596,0.0,0.0
Peacock Road,Named corridor,0.0,2,0.3433749061235114,0.0,0.0
Quito Road,Named corridor,0.0,2,0.1637598907205296,0.0,0.0
R.S. Nicholson Road,Named corridor,0.0,2,0.28910007905048474,0.0,0.0
Rabbit Road,Named corridor,0.0,6,0.9034053266480121,0.0,0.0
Passionfruit Road,Named corridor,0.0,4,0.7012508354920498,0.0,0.0
Radish Road,Named corridor,0.0,6,0.7711324213016444,0.0,0.0
Raspberry Road,Named corridor,0.0,4,0.4826922813072119,0.0,0.0
Red Cedar Tree Drive,Named corridor,0.0,2,0.094354430948985,0.0,0.0
Red Rose Drive,Named corridor,0.0,2,0.13837369559742838,0.0,0.0
Paramaribo Drive,Named corridor,0.0,6,0.4328335873417126,0.0,0.0
St James Road,Named corridor,0.0,2,0.21891126729463756,0.0,0.0
Paragrass Drive,Named corridor,0.0,2,0.5180493991094874,0.0,0.0
Rice Hill Estate Drive,Named corridor,0.0,2,0.25079714664599034,0.0,0.0
Black Tern Road,Named corridor,0.0,2,0.26284478092886726,0.0,0.0
Bison Drive,Named corridor,0.0,2,0.28546400926046217,0.0,0.0
Billy Holiday Drive,Named corridor,0.0,2,0.35999951961407023,0.0,0.0
Bill Bill Drive,Named corridor,0.0,2,0.6016047695647871,0.0,0.0
Ark Shell Road,Named corridor,0.0,2,0.5085397748547107,0.0,0.0
Wesley Lane,Named corridor,0.0,4,0.24995907103540685,0.0,0.0
Welegen Lane,Named corridor,0.0,2,0.37560408191040334,0.0,0.0
Weduwen Steeg,Named corridor,0.0,1,0.0496648679453699,0.0,0.0
Watling Island Road,Named corridor,0.0,2,0.4010825429904478,0.0,0.0
Acklin Island Drive,Named corridor,0.0,4,0.32155472337612245,0.0,0.0
Sun Cactus Drive,Named corridor,0.0,2,0.4107028949726269,0.0,0.0
Wobble Vine Road,Named corridor,0.0,2,0.14002257759108544,0.0,0.0
Wintergreen Drive,Named corridor,0.0,4,0.3373839817831339,0.0,0.0
Windward Street,Named corridor,0.0,2,0.18653498063295812,0.0,0.0
Williams Drive,Named corridor,0.0,2,0.11753093978688814,0.0,0.0
White Sands Drive,Named corridor,0.0,2,0.22581113224325233,0.0,0.0
Gladiola Drive,Named corridor,0.0,2,0.6909228115708158,0.0,0.0
Georgetown Drive,Named corridor,0.0,2,0.1495151041709553,0.0,0.0
Genip Road,Named corridor,0.0,4,0.6944881520643996,0.0,0.0
Gazelle Drive,Named corridor,0.0,2,0.17548134193221715,0.0,0.0
Garden of Eden Drive,Named corridor,0.0,2,0.4920518632590589,0.0,0.0
Woods Drive,Named corridor,0.0,2,0.3900760127743956,0.0,0.0
Arrowroot Road,Named corridor,0.0,6,0.3649168191404554,0.0,0.0
The Cottage Drive,Named corridor,0.0,2,0.17035290580563053,0.0,0.0
Teak Tree Drive,Named corridor,0.0,2,0.4915522100032307,0.0,0.0
Tansy Drive,Named corridor,0.0,2,0.13547010871124035,0.0,0.0
Tom Ben's Estate Drive,Named corridor,0.0,2,0.27280332455519635,0.0,0.0
Tisza Drive,Named corridor,0.0,2,0.3985143985986294,0.0,0.0
Thyme Drive,Named corridor,0.0,2,0.18576258756078226,0.0,0.0
Thrush Road,Named corridor,0.0,2,1.3994932662210644,0.0,0.0
Thread Hill Drive,Named corridor,0.0,2,0.5810363695377708,0.0,0.0
Thomas Aertsen Road,Named corridor,0.0,2,0.18789495302074044,0.0,0.0
Blanquilla Drive,Named corridor,0.0,2,0.08422376724808307,0.0,0.0
Bern Drive,Named corridor,0.0,6,0.40064710661505215,0.0,0.0
Berlin Drive,Named corridor,0.0,2,0.18985265358884346,0.0,0.0
Bequia Drive,Named corridor,0.0,2,0.1344945118307332,0.0,0.0
Benny Goodman Drive,Named corridor,0.0,2,0.2850729945405533,0.0,0.0
Belvédère Drive,Named corridor,0.0,2,0.38159889666015406,0.0,0.0
Topaz Road,Named corridor,0.0,4,0.7365400775740908,0.0,0.0
Topaz Drive,Named corridor,0.0,2,0.08547093389215886,0.0,0.0
Tomato Road,Named corridor,0.0,3,0.26451060478658217,0.0,0.0
Archimedes Street,Named corridor,0.0,2,0.6833369050555563,0.0,0.0
Blue Marine Road,Named corridor,0.0,2,1.0760826602077382,0.0,0.0
Blue Jay Drive,Named corridor,0.0,2,0.11229854565861415,0.0,0.0
The Valley Drive,Named corridor,0.0,2,0.09783894308173506,0.0,0.0
Cannon Ball Tree Drive,Named corridor,0.0,2,0.09048492061449664,0.0,0.0
Candelabra Cactus Drive,Named corridor,0.0,2,0.09765207645734061,0.0,0.0
Tamarind Hill Road,Named corridor,0.0,2,0.01794021727504448,0.0,0.0
Queens Palm Drive,Named corridor,0.0,2,0.19269043558183954,0.0,0.0
Sugar Mill Estate Road,Named corridor,0.0,4,0.31895242542799285,0.0,0.0
Catapult Drive,Named corridor,0.0,2,0.5056140806227566,0.0,0.0
Castries Drive,Named corridor,0.0,2,0.1588244937271725,0.0,0.0
Carved Star Shell Road,Named corridor,0.0,2,0.21824189091845306,0.0,0.0
Silver Maple Tree Drive,Named corridor,0.0,2,0.5299222051692427,0.0,0.0
Shak Shak Tree Drive,Named corridor,0.0,2,0.058858286218135256,0.0,0.0
Gaper Shell Drive,Named corridor,0.0,2,0.2644775429744889,0.0,0.0
Sea Urchin Road,Named corridor,0.0,4,0.46109677198815374,0.0,0.0
Sea Island Cotton drive,Named corridor,0.0,4,0.1261702607253827,0.0,0.0
Southeast Arrindell Drive,Named corridor,0.0,2,0.24662704647858152,0.0,0.0
Soursap Road,Named corridor,0.0,4,0.8566313904160311,0.0,0.0
Sofia Drive,Named corridor,0.0,2,0.09026197744616961,0.0,0.0
Smoke Tree Drive,Named corridor,0.0,2,0.143628456909166,0.0,0.0
Smalle Steeg,Named corridor,0.0,2,0.07715069965623189,0.0,0.0
St James Estate Road,Named corridor,0.0,2,0.4655844180246815,0.0,0.0
Sr. Clara Drive,Named corridor,0.0,2,0.1830474990146241,0.0,0.0
Sr. Agnus Drive,Named corridor,0.0,2,0.18416687375377808,0.0,0.0
Spinel Road,Named corridor,0.0,2,0.242547713307401,0.0,0.0
Sequoia Drive,Named corridor,0.0,2,0.4260340808308887,0.0,0.0
Anise Drive,Named corridor,0.0,2,0.14136784033120386,0.0,0.0
Grapefruit Road,Named corridor,0.0,6,0.7158317715655358,0.0,0.0
Grand Fond Estate Road,Named corridor,0.0,2,0.11742127377318273,0.0,0.0
Grand Caicos Drive,Named corridor,0.0,2,0.10330662309727054,0.0,0.0
Gooseberry Drive,Named corridor,0.0,2,0.15204258255694092,0.0,0.0
Gold Finger Road,Named corridor,0.0,2,0.28930240464056534,0.0,0.0
Goglet Drive,Named corridor,0.0,2,0.3999877924429977,0.0,0.0
Buttercup Road,Named corridor,0.0,4,0.3873795016260305,0.0,0.0
Buckhole Estate Road,Named corridor,0.0,2,0.5166002932398315,0.0,0.0
Bryson's Drive,Named corridor,0.0,2,0.3185683699899656,0.0,0.0
Canoe Shell Road,Named corridor,0.0,4,0.9281883878153737,0.0,0.0
Brown Drive,Named corridor,0.0,6,0.5904486919727732,0.0,0.0
Camelia Road,Named corridor,0.0,2,0.8047233524939982,0.0,0.0
Camel Drive,Named corridor,0.0,2,0.44990004101224124,0.0,0.0
Calabash Drive,Named corridor,0.0,2,0.1927885232390044,0.0,0.0
Cabbage Road,Named corridor,0.0,1,0.09485825813478402,0.0,0.0
Cabbage Palm Drive,Named corridor,0.0,2,0.1769077777922146,0.0,0.0
Carrot Road,Named corridor,0.0,10,0.5806531855056793,0.0,0.0
Caribou Drive,Named corridor,0.0,2,0.18849939459663032,0.0,0.0
Careta Estate Road,Named corridor,0.0,2,0.20168465233473257,0.0,0.0
Caracas Drive,Named corridor,0.0,6,0.5206880711217879,0.0,0.0
Cantalope Road,Named corridor,0.0,6,0.3513015617800248,0.0,0.0
Brownea Tree Drive,Named corridor,0.0,2,0.3784580739967969,0.0,0.0
Ivory Shell Drive,Named corridor,0.0,2,0.2239560817864975,0.0,0.0
Industrie Drive,Named corridor,0.0,2,0.4625886453195889,0.0,0.0
Indus Drive,Named corridor,0.0,2,0.12199946454054605,0.0,0.0
Jordan Road,Named corridor,0.0,6,0.5765862760189158,0.0,0.0
John Larmonie Road,Named corridor,0.0,2,0.15373351804259888,0.0,0.0
Jade Road,Named corridor,0.0,2,0.39212818023856677,0.0,0.0
J.H. de la Feunte Street,Named corridor,0.0,4,0.4665874898053792,0.0,0.0
Emancipation Drive,Named corridor,0.0,4,0.4287097761322639,0.0,0.0
Guana Bay Drive,Named corridor,0.0,6,0.8297554351687215,0.0,0.0
Griesel Road,Named corridor,0.0,4,0.4454502986366116,0.0,0.0
The Quill Road,Named corridor,0.0,2,0.6678134589170472,0.0,0.0
F. Hughes Road,Named corridor,0.0,2,0.3313652422722292,0.0,0.0
F. Alfie Heileger Drive,Named corridor,0.0,2,0.14856698496067192,0.0,0.0
Experimental Estate Drive,Named corridor,0.0,2,0.4537490769251595,0.0,0.0
Evergreen Tree Road,Named corridor,0.0,2,0.43982448980956973,0.0,0.0
Escargot Drive,Named corridor,0.0,2,0.623740264851639,0.0,0.0
Fort Willem Drive,Named corridor,0.0,2,0.6342773264278935,0.0,0.0
Fort Belair Road,Named corridor,0.0,2,0.23816948150976225,0.0,0.0
Foga Estate Road,Named corridor,0.0,2,0.1653307492109156,0.0,0.0
Fig Shell Drive,Named corridor,0.0,2,0.018711257126566145,0.0,0.0
Fan Coral Road,Named corridor,0.0,6,0.861929551673203,0.0,0.0
Falcon Drive,Named corridor,0.0,2,0.2618179295202089,0.0,0.0
Fahrenheit Drive,Named corridor,0.0,2,0.11617129218312726,0.0,0.0
Cupecoy Roundabout,Named corridor,0.0,3,0.061159790178593125,0.0,0.0
Duke Drive,Named corridor,0.0,2,0.4818858786536845,0.0,0.0
Drukker Steeg,Named corridor,0.0,1,0.05666579414422167,0.0,0.0
Doodle Doo Cactus Drive,Named corridor,0.0,4,1.0564698065240012,0.0,0.0
Dombey Tree Drive,Named corridor,0.0,2,0.36041605360140494,0.0,0.0
Dollison's Drive,Named corridor,0.0,4,0.5014901239107035,0.0,0.0
Diamond Drive,Named corridor,0.0,2,0.4267965383668675,0.0,0.0
Delight Estate Road,Named corridor,0.0,16,1.3623273579602606,0.0,0.0
Deidrick Mathew Road,Named corridor,0.0,2,0.21067807020564527,0.0,0.0
Hedge Hog Cactus Road,Named corridor,0.0,2,0.1577373052145909,0.0,0.0
J. Barry Road,Named corridor,0.0,2,0.11163669006700255,0.0,0.0
Hamster Drive,Named corridor,0.0,2,0.9045550138770769,0.0,0.0
Halley's Drive,Named corridor,0.0,2,0.11833768933563676,0.0,0.0
Guy's Estate Road,Named corridor,0.0,2,0.34126731612173183,0.0,0.0
Gumbs Drive,Named corridor,0.0,2,0.6247462922031195,0.0,0.0
Inagua Island Drive,Named corridor,0.0,4,0.28675337267539225,0.0,0.0
Imperial Shell Drive,Named corridor,0.0,2,0.46926865011696084,0.0,0.0
Illidge Drive,Named corridor,0.0,2,0.20619721393183293,0.0,0.0
Hotel Steeg,Named corridor,0.0,1,0.08764203894238315,0.0,0.0
Honey Dew Road,Named corridor,0.0,2,0.4884994403511101,0.0,0.0
Hispaniola Road,Named corridor,0.0,2,0.5291030464294524,0.0,0.0
J. Salomon Gibbes Road,Named corridor,0.0,2,0.18095966869638447,0.0,0.0
Happey Estate Road,Named corridor,0.0,4,0.18500901376408876,0.0,0.0
Zo Zo Moran Road,Named corridor,0.0,2,0.5157517907339216,0.0,0.0
Abolition Drive,Named corridor,0.0,2,0.3030697731612434,0.0,0.0
Abraham Heijliger Road,Named corridor,0.0,2,0.17296596184841023,0.0,0.0
Yellow Bird Road,Named corridor,0.0,2,0.37709782617756005,0.0,0.0
Amsterdam Road,Named corridor,0.0,2,0.09228640559834886,0.0,0.0
Amber Road,Named corridor,0.0,2,0.12040767765351303,0.0,0.0
Amarantus Road,Named corridor,0.0,2,0.8516512292639675,0.0,0.0
Algiers Drive,Named corridor,0.0,2,0.08971899009407,0.0,0.0
Agate Road,Named corridor,0.0,2,0.40732230762655547,0.0,0.0
Wesley Street,Named corridor,0.0,2,0.24981711038498416,0.0,0.0
Guitar Drive,Named corridor,0.0,2,0.2730469903093058,0.0,0.0
Tourmaline Road,Named corridor,0.0,2,0.13451415268427305,0.0,0.0
Great Blue Heron Drive,Named corridor,0.0,2,0.19964175733572456,0.0,0.0
The Ranch Drive,Named corridor,0.0,2,0.1658988867211247,0.0,0.0
Waterfowl Road,Named corridor,0.0,2,0.1153911266739429,0.0,0.0
Warsaw Drive,Named corridor,0.0,2,0.19214861993353488,0.0,0.0
Beach Comber Drive,Named corridor,0.0,2,0.26866459075696164,0.0,0.0
Bay Leaf Tree Drive,Named corridor,0.0,2,0.20852590496853396,0.0,0.0
Basseterre Road,Named corridor,0.0,4,0.9019662645608436,0.0,0.0
Banana Road,Named corridor,0.0,2,0.41435842189537675,0.0,0.0
Balsam Drive,Named corridor,0.0,2,0.649624266376667,0.0,0.0
Avocado Road,Named corridor,0.0,2,0.16876635842937773,0.0,0.0
Bluebell Drive,Named corridor,0.0,2,0.49174353580724744,0.0,0.0
Freeport Drive,Named corridor,0.0,2,0.3848581426794278,0.0,0.0
Freeland Estate Road,Named corridor,0.0,2,0.12761346773851825,0.0,0.0
Fountain Tree Drive,Named corridor,0.0,2,0.2611851850879355,0.0,0.0
Antilope Drive,Named corridor,0.0,2,0.14823033336376443,0.0,0.0
Tortola Drive,Named corridor,0.0,2,0.13528574224229128,0.0,0.0
Brimstone Hill Road,Named corridor,0.0,2,0.6618868583891988,0.0,0.0
Bridgetown Drive,Named corridor,0.0,2,0.09913101329934464,0.0,0.0
Bow Estate Road,Named corridor,0.0,2,0.32438375568049244,0.0,0.0
Boulanger Road,Named corridor,0.0,6,0.32357851472765237,0.0,0.0
Booby Road,Named corridor,0.0,2,0.2305275488720971,0.0,0.0
Arndell's Drive,Named corridor,0.0,2,0.1291594645371978,0.0,0.0
Urchin Tree Drive,Named corridor,0.0,2,0.1855409692989801,0.0,0.0
Umbrella Cactus Road,Named corridor,0.0,2,0.38134126727533213,0.0,0.0
Turquoise Drive,Named corridor,0.0,6,0.24015885209401125,0.0,0.0
Turnstone Road,Named corridor,0.0,2,0.30232374278801877,0.0,0.0
Tulip Drive,Named corridor,0.0,2,0.2027486356350027,0.0,0.0
Triton Shell Road,Named corridor,0.0,2,0.018279972048062396,0.0,0.0
Trinidad Drive,Named corridor,0.0,2,0.14098936850280333,0.0,0.0
W.F.M. Lampe Road,Named corridor,0.0,2,0.2879025911203576,0.0,0.0
Vlaun's Drive,Named corridor,0.0,2,0.21308642324156987,0.0,0.0
Vine Cactus Drive,Named corridor,0.0,2,0.8726221869860908,0.0,0.0
Van Buren Drive,Named corridor,0.0,2,0.4996172527521718,0.0,0.0
Blueberry Drive,Named corridor,0.0,4,0.4365408194210284,0.0,0.0
Column Cactus Drive,Named corridor,0.0,2,0.32437504641415715,0.0,0.0
Coconut Palm Drive,Named corridor,0.0,2,0.1822753875760145,0.0,0.0
Cockspur Tree Drive,Named corridor,0.0,4,0.9417716338638777,0.0,0.0
Clover Drive,Named corridor,0.0,2,0.17060916917407776,0.0,0.0
Merite Shell Road,Named corridor,0.0,2,0.2692783722328982,0.0,0.0
Melford A. Hazel Road,Named corridor,0.0,4,0.40766808930451304,0.0,0.0
Meadowlands Drive,Named corridor,0.0,2,0.30382529044104456,0.0,0.0
Mayaguana Drive,Named corridor,0.0,2,0.2500461598744947,0.0,0.0
Maubay Drive,Named corridor,0.0,4,0.3578685102755639,0.0,0.0
Mathew's Lane,Named corridor,0.0,4,0.33023826431126396,0.0,0.0
Cupper Drive,Named corridor,0.0,2,0.2909299275124068,0.0,0.0
Market Street,Named corridor,0.0,2,0.11677515634610938,0.0,0.0
Mortar Drive,Named corridor,0.0,2,0.8149794232429851,0.0,0.0
Monte Vista Drive,Named corridor,0.0,2,0.08277195423871839,0.0,0.0
Monrovia Road,Named corridor,0.0,8,0.6991014999497561,0.0,0.0
Mockingbird Road,Named corridor,0.0,2,0.46858403709637925,0.0,0.0
Mississippi Drive,Named corridor,0.0,2,0.26434920294667663,0.0,0.0
Milton's Drive,Named corridor,0.0,4,0.2777248969498638,0.0,0.0
Merlin Road,Named corridor,0.0,2,1.5761119226428,0.0,0.0
Niger Road,Named corridor,0.0,2,0.11507870616751449,0.0,0.0
Mustique Island Road,Named corridor,0.0,2,0.16411463214067756,0.0,0.0
Mount William Drive,Named corridor,0.0,2,0.3154783456633321,0.0,0.0
Martinique Road,Named corridor,0.0,2,0.22679480774139232,0.0,0.0
Prickle Pear Road,Named corridor,0.0,4,0.9185118218195231,0.0,0.0
Port of Spain Drive,Named corridor,0.0,4,0.6541131345295319,0.0,0.0
Popular Tree Drive,Named corridor,0.0,2,0.31938092687183384,0.0,0.0
Ponnum Drive,Named corridor,0.0,4,0.39066044678883055,0.0,0.0
Celsius Road,Named corridor,0.0,6,1.8419346409184663,0.0,0.0
Cedar Grove Drive,Named corridor,0.0,2,0.40858477937976406,0.0,0.0
Organ Pipe Cactus Drive,Named corridor,0.0,2,0.555262163421992,0.0,0.0
Opuntia Cactus Road,Named corridor,0.0,4,0.34502515818820073,0.0,0.0
Chin Cactus Drive,Named corridor,0.0,2,0.12369803286150824,0.0,0.0
Chestnut Turban Shell Road,Named corridor,0.0,4,0.22278221315521288,0.0,0.0
Cordia Road,Named corridor,0.0,2,0.13662596677255798,0.0,0.0
Ch. Maccow Road,Named corridor,0.0,6,0.9001529860449117,0.0,0.0
Cerus Cactus Drive,Named corridor,0.0,2,0.1538244456753428,0.0,0.0
Claw Cactus Road,Named corridor,0.0,2,0.2719707497085783,0.0,0.0
Claude Estate Road,Named corridor,0.0,4,1.3444959089524622,0.0,0.0
Clarinet Drive,Named corridor,0.0,2,0.3465761586931439,0.0,0.0
Clammy Cherry Road,Named corridor,0.0,2,0.42514287000263357,0.0,0.0
Clam Shell Drive,Named corridor,0.0,6,0.7393991575613685,0.0,0.0
Citrine Road,Named corridor,0.0,2,0.385372190196243,0.0,0.0
Christmas Cactus Drive,Named corridor,0.0,2,0.4516954273414103,0.0,0.0
Christian Sted Drive,Named corridor,0.0,4,0.27581695505866016,0.0,0.0
Cork Tree Drive,Named corridor,0.0,2,0.26498015894004273,0.0,0.0
Cherrynut Road,Named corridor,0.0,4,2.182318210020157,0.0,0.0
Marconi Road,Named corridor,0.0,2,0.13364511734534615,0.0,0.0
Manjack Drive,Named corridor,0.0,4,0.6945378389929158,0.0,0.0
Mango Road,Named corridor,0.0,6,2.3738243516351227,0.0,0.0
Mahoganny Tree Drive,Named corridor,0.0,2,0.45809093093684905,0.0,0.0
Magpie Road,Named corridor,0.0,2,0.2440008236029833,0.0,0.0
Maduro Drive,Named corridor,0.0,2,0.1950901943463624,0.0,0.0
L. Lashley Street,Named corridor,0.0,2,0.24094753124128207,0.0,0.0
Kudu Drive,Named corridor,0.0,4,0.3943692530879971,0.0,0.0
Kiwi Drive,Named corridor,0.0,2,0.17056078175688713,0.0,0.0
King of the Sea Drive,Named corridor,0.0,2,0.12080556742293329,0.0,0.0
Mount Pele Road,Named corridor,0.0,2,0.39098429738872675,0.0,0.0
Kangaroo Road,Named corridor,0.0,2,1.306274231317736,0.0,0.0
Kanaal Steeg,Named corridor,0.0,2,0.17090799051583144,0.0,0.0
Cucumber Road,Named corridor,0.0,1,0.0913221767031372,0.0,0.0
Cuba Drive,Named corridor,0.0,2,0.1855356395940954,0.0,0.0
Crown Cactus Drive,Named corridor,0.0,2,0.10783871499430193,0.0,0.0
Count Basie Drive,Named corridor,0.0,2,0.5436351141351075,0.0,0.0
Lake's Drive,Named corridor,0.0,2,0.2638376237184091,0.0,0.0
Davis Drive,Named corridor,0.0,2,0.36304529861993284,0.0,0.0
Daffodil Drive,Named corridor,0.0,2,0.1691628528015429,0.0,0.0
Dacca Road,Named corridor,0.0,4,0.27016788480743154,0.0,0.0
D.C. Steeg,Named corridor,0.0,1,0.07988695571451074,0.0,0.0
Killebarn Drive,Named corridor,0.0,2,0.38105127637537545,0.0,0.0
One Hoe Lane,Named corridor,0.0,2,0.13948585600747085,0.0,0.0
Oak Tree Road,Named corridor,0.0,2,0.373449015313223,0.0,0.0
Nutmeg Drive,Named corridor,0.0,2,0.23923457346952604,0.0,0.0
North Spring Drive,Named corridor,0.0,10,0.7048717872297987,0.0,0.0
Nile Road,Named corridor,0.0,2,0.7874192632132437,0.0,0.0
Lane 5,Named corridor,0.0,2,0.0691011452158144,0.0,0.0
Lane 3,Named corridor,0.0,4,0.10961825884933725,0.0,0.0
Lane 1,Named corridor,0.0,2,0.17199021538138468,0.0,0.0
Lambert Road,Named corridor,0.0,8,0.41338745565726137,0.0,0.0
Lakeside Drive,Named corridor,0.0,4,0.4505522132437161,0.0,0.0
Lottery Road,Named corridor,0.0,2,0.35363595880239324,0.0,0.0
Long Wall Road,Named corridor,0.0,6,0.7470740549894471,0.0,0.0
Llama Drive,Named corridor,0.0,4,0.5080570223725911,0.0,0.0
Lime Road,Named corridor,0.0,4,0.6772581988116264,0.0,0.0
Lima Drive,Named corridor,0.0,2,0.3723522672041838,0.0,0.0
Lettuce Road,Named corridor,0.0,1,0.09569703773378792,0.0,0.0
Lemon Road,Named corridor,0.0,12,0.7135545685647282,0.0,0.0
Lane 7,Named corridor,0.0,2,0.11064294014909277,0.0,0.0
Madeleine Drive,Named corridor,0.0,2,1.0485178698441728,0.0,0.0
Madame Estate Drive,Named corridor,0.0,2,0.15367723373902153,0.0,0.0
Louis Hazel Road,Named corridor,0.0,1,0.12508447437425116,0.0,0.0
Louis Armstrong Drive,Named corridor,0.0,2,0.28602623913924274,0.0,0.0
Eagle Road,Named corridor,0.0,6,0.6554129855382737,0.0,0.0
